8
98c89d,Ram,Kumar,1755 Q Street,Lincoln,NE,68508,US,kumarram@gmail.com,ramkumar4@yahoo.com
56p65s,Michelle,Andrews,3602 Coke Ranch RD,Alexander City,AL,35010,US,amichelle@sbwire.com,michelleandrews@vistaprint.com
d67cd5,Leonald,Witt,755 Forest Ave,Bronx,NY,10456,US,wleavold2@npr.org,wleavold2@craigslist.org
pqr87s,Zara,Hussain,400 N 8TH St,Worland,WY,82401,US,zhussain3@engadget.com,hussainzara3@wisc.edu,zhussain93@google.es
a67bd3,Fransisco,Jonah,300 Sunset Ave,Thermopolis,WY,82443,US,jonahf4@elpais.com,fjonah4@unblog.fr
42f7jk,Weston,Daniel,293 Clay Ave,Oceanside,NY,11572,US,dweston8@umich.edu,dweston8@pbs.org,dweston8@privacy.gov.au
4ts5v9,Soloman,Keslie,770 Fairview Circle,Neenah,WI,54956,US,ksoloman9@amazon.co.uk,ksoloman9@sitemeter.com,ksoloman9@cmu.edu,ksoloman9@unicef.org
ps45ed,Santosh,Birla,378 Lexington Ave,Dorchester Center,MA,02124,US,bsantosh@cam.ac.uk,bsantosh@amazonaws.com,bsantosh@economist.com,bsantosh@sfgate.com